timestamp,roi_x,roi_y,roi_width,roi_height,focus_metric,focus_value,ema_focus_value,dema_focus_value,dfv,smooth_ddfv,ratio,ee_pose_x,ee_pose_y,ee_pose_z,ee_orient_x,ee_orient_y,ee_orient_z,ee_orient_w,velocity_command,focus_mode,is_focused
1761332622651498536,0.5,0.5,100,100,fswm,72.4218895927802,72.4218895927802,72.4218895927802,0.0,0.4263663038850963,0.9874129803937104,0.37594665432697144,-0.13871237547731338,0.40919275408398825,-0.5831112100715095,-0.4044787555252084,0.403017682850202,0.5778883978137757,0.40509898891597346,adaptive coarse,False
1761332622751724782,0.5,0.5,100,100,fswm,72.31422827698114,72.36805893488068,72.34114360593091,-0.08074598684929413,0.1728101585179011,0.9988850610319157,0.37594006390756585,-0.13870394082401907,0.40914912959701943,-0.5831197925325593,-0.4044958683213174,0.4029882549788656,0.5778882819515009,0.40044647337780087,adaptive coarse,False
1761332622851686735,0.5,0.5,100,100,fswm,68.13676581946488,70.25241237717279,69.18113143384396,-3.160012172086951,-1.4532280133598778,0.9563179123998825,0.3756337434015043,-0.13860839669117883,0.40921161723075294,-0.5830972060734875,-0.404491372219513,0.4030345675913973,0.5778819216723117,0.41827094819985006,adaptive coarse,False
1761332622951376535,0.5,0.5,100,100,fswm,69.57855237423966,69.91548237570623,69.21137690330855,0.030245469464588837,0.868514814095831,1.0004371924661786,0.37463977239594937,-0.1382602115346969,0.4093553914734358,-0.5830870183270448,-0.40436552670033676,0.40306053150732074,0.5779621595017029,0.3998251994350187,adaptive coarse,False
1761332623051364569,0.5,0.5,100,100,fswm,69.19570265938711,69.55559251754667,69.02359485226805,-0.18778205104050016,0.325243646795371,0.9972868326069738,0.3736538046273441,-0.13798589251720106,0.40934885778529484,-0.5830662305257814,-0.4044400473241919,0.40309996176350305,0.5779034865504135,0.4010882194788169,adaptive coarse,False
1761332623151616476,0.5,0.5,100,100,fswm,69.35140199124005,69.45349725439337,69.1364507901774,0.11285593790935877,0.31294081787261496,1.0016350341959284,0.3726258270897967,-0.13765851316848407,0.4093148070899748,-0.5830658994635446,-0.40449864028847715,0.40308961338564825,0.5778700290447232,0.3993470539108126,adaptive coarse,False
1761332623251498438,0.5,0.5,100,100,fswm,70.4634515857301,69.95847442006173,70.05243977078794,0.9159889806105355,0.5580369302868958,1.0132490020841607,0.371616254929663,-0.1372314621903014,0.4093668613445737,-0.5830877950625379,-0.4044092903255858,0.40306334439084335,0.5779287928074981,0.3947696954817982,adaptive coarse,False
1761332623351488131,0.5,0.5,100,100,fswm,68.27617589928644,69.1173251596741,68.74373320484338,-1.3087065659445614,-0.8333293081341006,0.9813181872005221,0.3706021631582988,-0.13678483606679068,0.40935665974415436,-0.583131844854498,-0.4043540698949042,0.4029992164893918,0.5779677060052343,0.4076149868791377,adaptive coarse,False
1761332623451415934,0.5,0.5,100,100,fswm,75.10033670918936,72.10883093443172,73.41778784439518,4.674054639551798,2.5747159486811295,1.0679924470442126,0.3696244580930933,-0.13637847638631734,0.4093537866050512,-0.5831631098599942,-0.40431058058439695,0.4029632163093331,0.5779916850851454,0.37453448393482963,adaptive coarse,False
1761332623551505519,0.5,0.5,100,100,fswm,73.56663277236312,72.83773185339743,73.85666076786201,0.4388729234668318,-0.8302328837019184,1.0059777464883168,0.3686682773383919,-0.13602545584091577,0.4093944709291496,-0.5831294648337807,-0.4043148045173952,0.40300044838763166,0.5779967168506213,0.39762310985141214,adaptive coarse,False
1761332623651369291,0.5,0.5,100,100,fswm,71.90136736939542,72.36954961139642,72.6449229476282,-1.2117378202338074,-1.2404218137012788,0.9835933847044289,0.3676858699600951,-0.1356890569452968,0.4094297617436944,-0.583093796144231,-0.40429989130831234,0.4030505079961665,0.5780082272686343,0.40667211290791727,adaptive coarse,False
1761332623751281914,0.5,0.5,100,100,fswm,72.58822749401563,72.47888855270602,72.67124469147672,0.026321743848512824,-0.0011811248094792948,1.0003623342524224,0.3667754926827381,-0.13538541095074785,0.4094408749482681,-0.5830496520435025,-0.40432606656836506,0.40312052567347223,0.577985619999363,0.39985511879445435,adaptive coarse,False
1761332623851507130,0.5,0.5,100,100,fswm,69.22960887820321,70.85424871545462,70.13810686621426,-2.5331378252624575,-1.280320346960225,0.9651425011912648,0.3658335142654999,-0.13502890475652737,0.4094097813695975,-0.583060196282334,-0.4043661037054465,0.40309817176435053,0.5779625641903811,0.41444657084967707,adaptive coarse,False
1761332623951508574,0.5,0.5,100,100,fswm,72.6951536413948,71.7747011784247,71.87685648528958,1.738749619075321,1.4957835486887767,1.0247903699823537,0.3648001393393269,-0.13463512260588079,0.4094081794637161,-0.5830813255130161,-0.40434792472261427,0.40310315278967196,0.577950492535066,0.3903237303126568,adaptive coarse,False
1761332624051484337,0.5,0.5,100,100,fswm,71.57430768692758,71.67450443267614,71.6754837132343,-0.20137277205527937,-0.22216942122091177,0.9971983642315174,0.36378606089055593,-0.1342048550422644,0.40944763016338837,-0.5831056997011618,-0.4042649397227413,0.403054336555737,0.5780179956286845,0.401123802793496,adaptive coarse,False
1761332624151398280,0.5,0.5,100,100,fswm,64.70950714644741,68.19200578956178,66.45124610828367,-5.2242376049506305,-2.6225171270581313,0.927112628554385,0.36274581004830164,-0.13379335812329518,0.40944904663272486,-0.5830829790515367,-0.404268747197041,0.40305212095961596,0.5780397973929434,0.43144704071576107,adaptive coarse,False
1761332624251502605,0.5,0.5,100,100,fswm,68.09718304748736,68.14459441852458,67.25050889236692,0.799262784083254,1.7004916309878766,1.01202780731577,0.36175789526208363,-0.133462840321185,0.4094695971036884,-0.5830833378317749,-0.40425371698629914,0.40306850687712303,0.5780385213889851,0.3952460565890292,adaptive coarse,False
1761332624351690371,0.5,0.5,100,100,fswm,76.95865027896538,72.55162234874498,74.30809355077636,7.057584658409439,3.979406752657031,1.1049447026446293,0.3607546606670523,-0.1331238586357431,0.40950349198443947,-0.5830561097290538,-0.40425125034100257,0.4031294342628816,0.5780252232699249,0.36200906619364775,adaptive coarse,False
1761332624451365211,0.5,0.5,100,100,fswm,72.83130981884926,72.69146608379712,73.63962355233889,-0.6684699984374731,-1.8733239520949407,0.9910040755118997,0.3597147325187221,-0.13272433054756447,0.40953442024806364,-0.58307058868611,-0.40422222843729744,0.40309905745003605,0.5780520984559359,0.4036310343056676,adaptive coarse,False
1761332624551275123,0.5,0.5,100,100,fswm,63.99402549717113,68.34274579048413,66.64246437809851,-6.99715917424038,-4.101006563948924,0.9049810572528634,0.35874302339783426,-0.13236338135912631,0.40947993943890304,-0.5831030706950553,-0.40424837075448145,0.4030425914037092,0.5780404252324636,0.44199820183444444,adaptive coarse,False
1761332624651556091,0.5,0.5,100,100,fswm,61.57789246523452,64.96031912785932,62.41896509035411,-4.223499287744403,-0.6636733387264733,0.9366245032029095,0.3578518917374365,-0.13208731586611236,0.4094774087860594,-0.5830724181465555,-0.40430349097789353,0.403070979607949,0.5780129996615172,0.42706548743081985,adaptive coarse,False
1761332624751874188,0.5,0.5,100,100,fswm,59.149893055826574,62.055106091842944,59.33182255508214,-3.0871425352719655,0.23634170687298206,0.9505415937158972,0.35684213462621206,-0.13173745415128416,0.40950355485836865,-0.5830333196692027,-0.40429460811827206,0.4031354661439403,0.5780136797160687,0.42081272681219895,adaptive coarse,False
1761332624851521658,0.5,0.5,100,100,fswm,56.581319434310416,59.31821276307668,56.58812433031315,-2.743698224768991,0.2898930086879782,0.9537567176160514,0.3557725116242757,-0.1312561808953003,0.40950435808169694,-0.5830723032417594,-0.4042200337816051,0.40304062273466856,0.5780926482040731,0.4193941626957178,adaptive coarse,False
1761332624951532211,0.5,0.5,100,100,fswm,71.52365502529935,65.42093389418801,67.1072502433619,10.519125913048754,6.776358573252862,1.1858892839714403,0.35472537240742386,-0.130814407813848,0.4095245099956927,-0.583099454769545,-0.4041437599861692,0.40302472520537264,0.5781296722923283,0.33729961591391966,adaptive coarse,False
1761332625051362833,0.5,0.5,100,100,fswm,63.5801273119483,64.50053060306816,64.88348713209518,-2.22376311126672,-2.983265225531307,0.9668625505708798,0.3537123076427107,-0.13045780441704496,0.40952739237894276,-0.5831186091520616,-0.4041318948871385,0.40301500381604743,0.5781254240168369,0.4137092700134282,adaptive coarse,False
1761332625151487099,0.5,0.5,100,100,fswm,48.244124579951816,56.372327591509986,52.499704350244414,-12.383782781850769,-6.571642448057678,0.809138143937319,0.35280051313132277,-0.13018486036978424,0.40949155436025153,-0.5830708975794763,-0.40422221985278894,0.4030771726205938,0.5780670534508393,0.4943531620615164,adaptive coarse,False
1761332625251410761,0.5,0.5,100,100,fswm,45.749055487724355,51.06069153961717,46.46856189303797,-6.0311424572064425,-0.10950106170667606,0.8851204491177603,0.35203598673693554,-0.13000081931145713,0.40950387098888524,-0.5830047261252793,-0.40432887025803227,0.40316461865280095,0.5779982216737287,0.4519158950611729,adaptive coarse,False
1761332625351342264,0.5,0.5,100,100,fswm,64.7471024183551,57.90389697898613,59.029434875381014,12.560872982343042,9.241257188921406,1.2703090534898809,0.35092508964117364,-0.12954661792805794,0.40952220730678623,-0.5830288513889608,-0.4042547101159349,0.40314155377634064,0.5780418457308676,0.3148840031495425,adaptive coarse,False
1761332625451399948,0.5,0.5,100,100,fswm,59.113230479884024,58.50856372943508,59.373666052857,0.344231177475983,-1.4876923079728268,1.0058315174150438,0.3496897648541664,-0.128994221445104,0.4094876327973175,-0.5830947994519398,-0.4042348080911543,0.4030369955352435,0.5780621549708419,0.39768091680800355,adaptive coarse,False
1761332625551640565,0.5,0.5,100,100,fswm,54.98483107638534,56.746697402910215,56.298315401358735,-3.075350651498262,-2.453637068473536,0.9482034569204393,0.34865634967678366,-0.128590106873828,0.4094618096067383,-0.5831393569805815,-0.4042233048987905,0.40297841537348295,0.5780660921210049,0.42185039200248636,adaptive coarse,False
1761332625651453567,0.5,0.5,100,100,fswm,83.49118791538481,70.1189426591475,76.58087428649041,20.282558885131678,10.452136234078203,1.3602693746790542,0.3478649095034526,-0.1283712794741766,0.4094217855000678,-0.5831274809555724,-0.40430447390480295,0.4029940664268682,0.5780103941623421,0.2940594028255449,adaptive coarse,False
1761332625751522411,0.5,0.5,100,100,fswm,73.83138583855127,71.97516424884938,76.13424085737176,-0.44663342911864845,-5.138528040086062,0.9941678201864373,0.3468855524287674,-0.12807694037675416,0.40941026069589637,-0.583088882754343,-0.4043887869979568,0.4030683661947057,0.5779385399259542,0.4023465574705361,adaptive coarse,False
1761332625851541165,0.5,0.5,100,100,fswm,68.33147658553382,70.1533204171916,71.32193680562389,-4.812304051747873,-4.752099331357643,0.9367918561010788,0.345913111788222,-0.12770829612763268,0.4094714203006814,-0.5830936832711144,-0.4043141916102424,0.4030502962319106,0.5779984858970225,0.42698919444581557,adaptive coarse,False
1761332625951494078,0.5,0.5,100,100,fswm,59.23517965532662,64.6942500362591,62.54902304000902,-8.772913765614874,-4.356354522612322,0.876995575855939,0.3450848023232764,-0.12743710106225883,0.4094546274199373,-0.5830905986449968,-0.4043519256319297,0.40306354832000946,0.577965959227058,0.456102642946179,adaptive coarse,False
1761332626051276909,0.5,0.5,100,100,fswm,59.54156206825392,62.117906052256515,59.75712056213018,-2.7919024778788355,0.8123283825618577,0.9553645709846976,0.3440534122011117,-0.1270497373031806,0.40949668965408437,-0.58309509148837,-0.4042885206895494,0.4030500665162006,0.5780151816363577,0.41868833338431066,adaptive coarse,False
1761332626151700418,0.5,0.5,100,100,fswm,76.62048112232715,69.36919358729183,71.81444460974632,12.057324047616135,7.830777454028413,1.201772172658152,0.3430026988581958,-0.12662596834426512,0.4095240209922437,-0.5830933222476006,-0.40428159590957297,0.40304607667812914,0.5780245918933138,0.332841789068269,adaptive coarse,False
1761332626251572530,0.5,0.5,100,100,fswm,60.53013285536641,64.94966322132912,63.962523549574996,-7.851921060171321,-6.039233826879522,0.890663764054151,0.3418670875352709,-0.12616182712501514,0.4095570269532699,-0.5830991402133378,-0.4042226380235998,0.4030271629923567,0.5780731419829505,0.44910325999933753,adaptive coarse,False
1761332626351508953,0.5,0.5,100,100,fswm,57.98904757045293,61.46935539589103,59.23563164729492,-4.726891902280073,-1.4571023344941372,0.9260990398758042,0.34092126736279044,-0.1258477066992507,0.40957490405066244,-0.5830852229105465,-0.40422628205058525,0.4030696828779556,0.5780549856783378,0.43191924705336326,adaptive coarse,False
1761332626451271264,0.5,0.5,100,100,fswm,66.12410526674853,63.79673033131978,63.8435559247361,4.607924277441178,3.9388569226135575,1.0777897381913308,0.34000892079783224,-0.1256159541150417,0.4096309631925946,-0.5830183812788092,-0.40424280721718425,0.40315970616851676,0.5780480699961923,0.37112990208206215,adaptive coarse,False
1761332626551411430,0.5,0.5,100,100,fswm,38.349626592388624,51.0731784618542,44.734815323829565,-19.108740600906536,-9.888903977867077,0.7006942936663263,0.3389487347884717,-0.12522762850047614,0.4095879519416211,-0.5830371817427527,-0.4042987177811233,0.4031377811838368,0.5780052948617176,0.57086236268178,adaptive coarse,False
1761332626651656587,0.5,0.5,100,100,fswm,46.68292545339576,48.878051957624976,44.61130713649805,-0.1235081873315167,4.548164217853971,0.9972391036726662,0.33791653095026863,-0.12476259464224491,0.40958476797094723,-0.5830835113204292,-0.4042117515727346,0.4030726724730393,0.5780647882566304,0.40110741599167776,adaptive coarse,False
1761332626751460798,0.5,0.5,100,100,fswm,48.16220292769153,48.52012744265825,46.20779277461142,1.5964856381133714,3.1340790216494296,1.0357865693831516,0.3368371859203146,-0.1243582957666103,0.40954302495147854,-0.583117677224936,-0.40422874539546433,0.40304133942597886,0.5780402880574304,0.386179944617562,adaptive coarse,False
1761332626851208598,0.5,0.5,100,100,fswm,50.92513482613919,49.722631134398725,49.16771564624555,2.9599228716341273,2.2487581275850927,1.0640567898594897,0.3355725058404399,-0.12386960878138567,0.40948647610087785,-0.5831390372436435,-0.4042418749739288,0.4029918440954379,0.5780440669643425,0.3759197853084708,adaptive coarse,False
1761332626951291803,0.5,0.5,100,100,fswm,52.79915900013807,51.26089506726839,51.752569289626635,2.584853643381088,0.9368444496660266,1.052572172804991,0.33457619899148544,-0.12359464694150053,0.40944045772468207,-0.583134469978227,-0.40434279797477507,0.4030006656672567,0.5779719328141207,0.3800214468277679,adaptive coarse,False
1761332627051559800,0.5,0.5,100,100,fswm,51.71289384322056,51.48689445524448,51.84573126041165,0.09316197078501176,-0.7774236114650248,1.0018001419458742,0.33366007743386994,-0.12339321403376204,0.4094189335824794,-0.5830877734672487,-0.40446397595371003,0.4030838555330438,0.577876237612639,0.39928123709690133,adaptive coarse,False
1761332627151539294,0.5,0.5,100,100,fswm,41.78163432717432,46.6342643912094,44.38736776177544,-7.45836349863621,-4.164474540443123,0.8561431516671216,0.3327099407531039,-0.12305875942023234,0.40943242055410506,-0.5830880745699402,-0.404444333250462,0.4030820199775466,0.5778909618316674,0.46721158631135634,adaptive coarse,False
1761332627251563948,0.5,0.5,100,100,fswm,36.12352302289568,41.37889370705254,37.62776005025713,-6.759607711518306,-1.73285937666261,0.8477132559921834,0.3317197557939861,-0.12258068598062649,0.40940312975506077,-0.5831789583734868,-0.40436097810618665,0.40297597633508814,0.5779315395375175,0.4718576678759502,adaptive coarse,False
1761332627351515031,0.5,0.5,100,100,fswm,44.91142135667325,43.14515753186289,42.15272261587036,4.5249625656132295,4.775855450234463,1.1202559642022143,0.3306463366898038,-0.1221042593782954,0.40931190424055985,-0.5832641894221656,-0.40437655920983806,0.40283217711183955,0.5779348759009545,0.3570612545543182,adaptive coarse,False
1761332627451641656,0.5,0.5,100,100,fswm,47.83533267481453,45.49024510333871,46.16657143108035,4.01384881520999,2.1323708499156115,1.0952215792034934,0.32948270442451394,-0.12167513055940343,0.4093344844650342,-0.5832658622890562,-0.4043502523301979,0.40285112593559746,0.5779383856962006,0.3652228988136834,adaptive coarse,False
1761332627551659270,0.5,0.5,100,100,fswm,28.6715400885609,37.080892595949805,33.21437950612618,-12.952191924954171,-7.416834945124274,0.7194465275748315,0.3284258674286065,-0.12135028646766287,0.4093270714106198,-0.5832668997765094,-0.4043958300517914,0.4028554141974555,0.577902458476877,0.5559829461521655,adaptive coarse,False
1761332627651318269,0.5,0.5,100,100,fswm,40.29473296692531,38.68781278143756,37.55801632926962,4.3436368231434415,4.9394969014866685,1.1307757931272595,0.32757136800695713,-0.12115630264715448,0.4093652559404758,-0.5831961126390587,-0.4044635048192622,0.4029516238504497,0.5778594606894436,0.3537394436909239,adaptive coarse,False
1761332627751429625,0.5,0.5,100,100,fswm,52.09676883213617,45.39229080678686,48.17963159337754,10.621615264107923,5.608737671225575,1.2828055446536006,0.3265375524585246,-0.12077808663160483,0.40941957602950885,-0.5831678192844094,-0.4044380825772165,0.40300347552938365,0.577869648470629,0.311816550580948,adaptive coarse,False
1761332627851296027,0.5,0.5,100,100,fswm,59.187236783205634,52.28976379499625,57.13217068239628,8.952539089018735,1.9698307480681936,1.1858158477544127,0.32527576520267354,-0.12018163025494845,0.40939202889644644,-0.583246061914925,-0.4043644363677066,0.4028796483839761,0.5779285620037845,0.3373205044927361,adaptive coarse,False
1761332627951285960,0.5,0.5,100,100,fswm,59.767404858077015,56.02858432653663,60.31919803600684,3.18702735361056,-1.897840493669991,1.0557834109144493,0.32439482029176897,-0.11982267315328018,0.4094107175707741,-0.5832695305104283,-0.40431226816581006,0.4028552783631056,0.5779583629326144,0.37886558536996395,adaptive coarse,False
1761332628051454806,0.5,0.5,100,100,fswm,27.372674425960355,41.70062937624849,36.68195875583953,-23.637239280167307,-14.361053563723928,0.6081307436140425,0.32363907873783343,-0.11966666959904712,0.4094739714606397,-0.5831773891779998,-0.40438030090467564,0.4029730591960414,0.5779216370356447,0.6577532943374177,adaptive coarse,False
1761332628151445650,0.5,0.5,100,100,fswm,24.862263968233943,33.281446672241216,26.562520010033097,-10.119438745806434,-0.42162651468152745,0.7241303602906569,0.32282295710202213,-0.11951117424256802,0.4094060631604626,-0.5831317182514946,-0.4045481013194491,0.40303995905862217,0.5778036208695064,0.5523867274939902,adaptive coarse,False
1761332628251447265,0.5,0.5,100,100,fswm,66.71801111912298,49.9997288956821,54.99940667629848,28.43688666626538,19.067349448695143,2.0705643386065895,0.32165980755678975,-0.11898078168587946,0.4093213699864142,-0.5832396558043412,-0.40452041931747645,0.4029033710398644,0.5778093179044104,0.19318404772159106,adaptive coarse,False
1761332628351368487,0.5,0.5,100,100,fswm,72.61938007628505,61.309554485983575,69.4643061714425,14.464899495144024,2.5476811387868956,1.2630010098159394,0.3200670150428668,-0.11824294576498032,0.40926302415245686,-0.5833454014522046,-0.40441134691823927,0.40276466578232,0.5778756173136206,0.3167060017301911,adaptive coarse,False
1761332628451420722,0.5,0.5,100,100,fswm,56.34875457018619,58.829154528084885,61.666330391865,-7.797975779577499,-9.857597067967314,0.8877412557705309,0.3189470955282311,-0.11783208466387045,0.40918219866810723,-0.5833861353790588,-0.4044490053262677,0.402721808231256,0.5778380087126728,0.4505817403437141,adaptive coarse,False
1761332628551969292,0.5,0.5,100,100,fswm,48.471318428408665,53.650236478246775,52.479365385217775,-9.186965006647227,-5.623293147518521,0.8510213766853367,0.31846200747922393,-0.11776504782640286,0.40910073903173283,-0.5833572304422098,-0.4045931549630024,0.40273872111476117,0.5777544834639758,0.47002344589506023,adaptive coarse,False
1761332628651395499,0.5,0.5,100,100,fswm,51.3066586994393,52.47844758884304,51.30711759762667,-1.172247787591104,1.1957120357688007,0.97766269125043,0.31757454949401004,-0.11755063349357023,0.40911539804936137,-0.583299442814305,-0.40467655165234345,0.40283342986272,0.5776883903458047,0.40913906563049907,adaptive coarse,False
1761332628751218581,0.5,0.5,100,100,fswm,44.57499497867994,48.52672128376149,45.96519313561253,-5.341924462014141,-1.4869823193271183,0.8958833644893502,0.31640766315847185,-0.11702411768237408,0.4090814751772007,-0.5833655503269528,-0.4046234363784856,0.40273979670287763,0.577724125839247,0.44648669219123,adaptive coarse,False
1761332628851258575,0.5,0.5,100,100,fswm,49.90017252702334,49.213446905392416,48.2760456421334,2.3108525065208667,3.082897324603945,1.0502739649043373,0.31525205871043976,-0.11648048237398594,0.40907412801733267,-0.583435153394312,-0.4045367457295617,0.40263900828783666,0.5777847974317767,0.3808530091826407,adaptive coarse,False
1761332628951542152,0.5,0.5,100,100,fswm,44.37876608356996,46.79610649448119,45.11873565739606,-3.1573099847373385,-1.1926325833271298,0.9345988275812349,0.31419661059527787,-0.11609830965741334,0.4091131010243285,-0.5834150423337346,-0.4045051133432913,0.4026788407584924,0.5777994919202112,0.4279911211050949,adaptive coarse,False
1761332629051495005,0.5,0.5,100,100,fswm,34.64538017066984,40.72074333257551,36.844376333080106,-8.274359324315952,-3.154840961452872,0.8166092377422464,0.3131823823706727,-0.1158381527078068,0.4091382351437681,-0.583358756886174,-0.4045675443146815,0.40274733716073396,0.5777648702208747,0.48983036379298905,adaptive coarse,False
1761332629151513499,0.5,0.5,100,100,fswm,49.84265769492421,45.28170051374986,45.62399560458934,8.779619271509233,6.949568817186157,1.2382892627124373,0.3122338082060871,-0.11561482534026665,0.40918700302275923,-0.5832676618473118,-0.4046166879864831,0.40286290782933076,0.5777418523365908,0.3230263009176155,adaptive coarse,False
1761332629251313930,0.5,0.5,100,100,fswm,66.81685933775324,56.04927992575155,61.60421717717213,15.980221572582792,7.0750855591298585,1.3502591423837358,0.31109703383170023,-0.11517339146913928,0.4092490586112345,-0.5832619622293457,-0.4045640396512049,0.4028949004341046,0.5777621659832569,0.29623943096866834,adaptive coarse,False
1761332629351379295,0.5,0.5,100,100,fswm,43.15231701574461,49.600798470748074,49.15402636895663,-12.450190808215503,-10.677663410834219,0.7979003487308495,0.3099768763238191,-0.11462798128396944,0.40925183188795755,-0.583333889985333,-0.4044651996061822,0.4027762258199539,0.5778414895248906,0.5013157352747685,adaptive coarse,False
1761332629451517810,0.5,0.5,100,100,fswm,78.22612707110584,63.913462770926955,70.84640887012067,21.69238250116404,11.732454949272663,1.4413144579111006,0.3091825539134309,-0.11433307698680417,0.4092571853038277,-0.5833461202860091,-0.40441770520015446,0.4027656003237365,0.5778697905789523,0.27752444846749175,adaptive coarse,False
1761332629551572015,0.5,0.5,100,100,fswm,83.09137515285293,73.50241896188994,81.7633701069683,10.916961236847627,0.47851684247812365,1.1540933607074024,0.3083198408271774,-0.11418515313247003,0.40924177104894977,-0.5832707122067871,-0.4045546946788593,0.40287430913999667,0.5777742347405713,0.3465924106476271,adaptive coarse,False
1761332629651567378,0.5,0.5,100,100,fswm,96.25090407341524,84.8766615176526,94.6942583680731,12.930888261104798,1.2462219333676474,1.1581501379430392,0.30723703937103913,-0.11380464989477913,0.40922511015528584,-0.5832731533010254,-0.4045838228754011,0.4028612409838384,0.5777604862040724,0.3453783640784517,adaptive coarse,False
1761332629751380090,0.5,0.5,100,100,fswm,106.75354881114951,95.81510516440105,106.19312541298552,11.49886704491243,-0.09289964141236018,1.1214315127768018,0.30653758540259596,-0.11360217242821019,0.40917555143208895,-0.583258340272745,-0.4046918144303227,0.40288574024333035,0.5776827192706736,0.3566869625498137,adaptive coarse,False
1761332629851541405,0.5,0.5,100,100,fswm,90.20432746575716,93.0097163150791,96.79603201471036,-9.39709339827516,-10.494430042299976,0.9115093998624693,0.30565941026741417,-0.11331563896675145,0.4091350172573186,-0.5832783909987721,-0.4047262090692439,0.4028695314297011,0.577649681841802,0.4388325562636578,adaptive coarse,False
1761332629951337127,0.5,0.5,100,100,fswm,97.95029606762074,95.48000619134993,98.60830897930097,1.812276964590609,0.3574701602828956,1.018722636939448,0.304815246299397,-0.11294007213742424,0.409095409141628,-0.5833268277892623,-0.4047291905747069,0.40281237096335315,0.5776385444868971,0.39264858313320833,adaptive coarse,False
1761332630051248159,0.5,0.5,100,100,fswm,84.25428128399176,89.86714373767084,88.62486390480683,-9.983445074494142,-5.719125939400928,0.8987565532982643,0.30383650329569417,-0.11249944804954891,0.40905131559705044,-0.5833918576843716,-0.40467025386870564,0.40273411837947,0.5776687250618004,0.44505934174507733,adaptive coarse,False
1761332630151532987,0.5,0.5,100,100,fswm,91.74674332440483,90.80694353103783,90.65570351128932,2.0308396064824876,3.1475793707878514,1.0229150095921595,0.3027750865885777,-0.11202689439446152,0.4089439787927507,-0.5834814196991235,-0.40468383495634114,0.40259665475253864,0.5776645741024713,0.39103933000209046,adaptive coarse,False
1761332630251336398,0.5,0.5,100,100,fswm,95.35365034702524,93.08029693903154,94.14135363315414,3.485650121864822,2.301194943085093,1.0384493196440834,0.3017515325942689,-0.11173777128767491,0.40894336769319517,-0.5834593006941937,-0.4047262053223057,0.4026447842437369,0.57762368448685,0.38518971743088576,adaptive coarse,False
1761332630351372752,0.5,0.5,100,100,fswm,104.82341966111177,98.95185830007165,102.41816732765301,8.27681369449887,3.5461792578595706,1.0879190002594565,0.3007078245468564,-0.11145576639842025,0.40895762043568473,-0.5833980507150721,-0.40478262051562364,0.4027117006017948,0.5775993687226202,0.3676744315565814,adaptive coarse,False
1761332630451388236,0.5,0.5,100,100,fswm,101.85360697111105,100.40273263559135,102.86132431714188,0.4431569894888696,-2.1437387235752148,1.0043269373105568,0.29975568166863337,-0.11114557053957365,0.4089498909064667,-0.5833897818310937,-0.4047838807388372,0.40271991471560015,0.5776011103179559,0.3982766817657431,adaptive coarse,False
1761332630551539762,0.5,0.5,100,100,fswm,114.23421875384986,107.3184756947206,112.0056430650605,9.144318747918618,3.2787115174272667,1.0888994848999305,0.2988508866884331,-0.11076378051157812,0.4089294557580108,-0.5834400018070587,-0.4047673548165343,0.40264626935144476,0.5776133088352179,0.367343364146012,adaptive coarse,False
1761332630651588136,0.5,0.5,100,100,fswm,83.79439980253804,95.55643774862932,92.01900246075363,-19.98664060430687,-12.926123917399112,0.8215568425182178,0.2979176384299934,-0.11039998073431845,0.40891354293529947,-0.5834529185399027,-0.4047673980138192,0.40265398319010953,0.5775948538322784,0.4868804923758275,adaptive coarse,False
1761332630751510809,0.5,0.5,100,100,fswm,103.96845971439852,99.76244873151393,100.09673657901838,8.077734118264758,7.569125402586257,1.0877833262940437,0.2969334518477969,-0.11005602695497485,0.408955578026195,-0.5833965334449828,-0.4047554697995255,0.40270562444809577,0.5776241636822439,0.3677202898142917,adaptive coarse,False
1761332630851320810,0.5,0.5,100,100,fswm,97.2606939004979,98.51157131600591,98.05327653200413,-2.04346004701425,-1.276034381346376,0.97958514815914,0.295965463467284,-0.10977796296535257,0.40902485221179374,-0.5833496494219678,-0.40476904068120095,0.40278216740609174,0.5776086355352893,0.40833612142006204,adaptive coarse,False
1761332630951370165,0.5,0.5,100,100,fswm,122.59186538940182,110.55171835270386,116.34264447905194,18.289367947047808,9.528396806357842,1.1865248015560015,0.29482703681881767,-0.10937935526239644,0.4090133338564208,-0.5833373861275941,-0.40477853235914263,0.4028030277264082,0.5775998221445736,0.3371189540036942,adaptive coarse,False
1761332631051214536,0.5,0.5,100,100,fswm,142.04164587576273,126.29668211423329,137.06462705817205,20.72198257912011,5.9805057192150715,1.178111668957733,0.2938547941241258,-0.1090037086733949,0.40898289116048425,-0.5833678101994245,-0.4047631167546094,0.40276235728525966,0.5776082590235736,0.33952638832096216,adaptive coarse,False
1761332631151508984,0.5,0.5,100,100,fswm,128.17902388216538,127.23785299819934,133.09241091215176,-3.972216146020287,-9.35684650296266,0.9710193925940175,0.2928607165131297,-0.10861544421642089,0.4089709084354516,-0.5833962541177521,-0.40473547119939124,0.4027197816173084,0.5776285887388966,0.41193821982424583,adaptive coarse,False
1761332631251746901,0.5,0.5,100,100,fswm,138.26237291167288,132.75011295493613,138.43352189028073,5.341110978128967,-0.021759689406703586,1.0401308454894125,0.29201276396573633,-0.10834109449876544,0.40898487185872945,-0.5833814955840958,-0.40472353270543415,0.4027134680736004,0.5776562605188573,0.38456700109858594,adaptive coarse,False
1761332631351470861,0.5,0.5,100,100,fswm,163.35228589162227,148.0511994232792,158.54344712512304,20.109925234842308,7.373527283653319,1.1452677426698785,0.29113787167795757,-0.10811731259168782,0.40896085378339486,-0.5833395968844315,-0.40482799172534656,0.40278728276276465,0.5775739058050668,0.34926330769389297,adaptive coarse,False
1761332631451459515,0.5,0.5,100,100,fswm,193.84223787423306,170.94671864875613,187.6406021124165,29.097154987293465,8.180378518052237,1.183527957256599,0.2901425516911145,-0.1077878878596575,0.4089277126702334,-0.5833609658702159,-0.40485301370392496,0.4027887969028358,0.5775337270527017,0.33797258235216876,adaptive coarse,False
1761332631551352237,0.5,0.5,100,100,fswm,186.5132353499663,178.7299769993612,190.96854790649394,3.3279457940774364,-8.794415337581896,1.017735744591587,0.2891993346891013,-0.10738396003749884,0.40886894133579343,-0.5834160443737549,-0.4048521268318898,0.4026977880013982,0.5775421769063773,0.39302933214802066,adaptive coarse,False
1761332631651501783,0.5,0.5,100,100,fswm,249.38595148627834,214.05796424281976,237.8412433181154,46.872695411621464,17.375167139981066,1.2454472002089698,0.28836123612437475,-0.1071020626661085,0.40880399863159866,-0.5834452582820052,-0.4048915533175016,0.4026711656119061,0.5775035870236076,0.32116977735618596,adaptive coarse,False
1761332631751561297,0.5,0.5,100,100,fswm,299.8345908539235,256.94627754837165,290.2820737387954,52.440830420680015,11.471651074519809,1.2204866981398168,0.2875023799329652,-0.10683754060826312,0.4088169109900238,-0.5834048062233457,-0.40494734569530744,0.40271339518655797,0.5774758874854783,0.32773810694508426,adaptive coarse,False
1761332631851495340,0.5,0.5,100,100,fswm,289.30645565103856,273.1263665997051,297.88430922058365,7.602235481788227,-16.68347193218599,1.0261891317774894,0.28657986680684805,-0.10655252962023415,0.4088464706445588,-0.5833915042661219,-0.40494527573994143,0.40274301387211364,0.5774701214636312,0.38979169396108243,adaptive coarse,False
1761332631951639496,0.5,0.5,100,100,fswm,301.6126660665891,287.3695163331471,306.8700625103074,8.985753289723732,-7.649977062125243,1.0301652454042813,0.2857798564438078,-0.10625820497627443,0.40889942351794173,-0.5833840959017562,-0.4048807784105031,0.4027691960050486,0.5775045685291524,0.3882872207002312,adaptive coarse,False
1761332632051878333,0.5,0.5,100,100,fswm,337.31350790364917,312.3415121183981,334.5777830996037,27.707720589296343,5.535995118723685,1.0902913772775267,0.28494455515136924,-0.10594800623224457,0.4089571661596768,-0.5833525410580982,-0.40485572262883507,0.4028218019197923,0.5775173180033958,0.3668744047107901,adaptive coarse,False
1761332632151304839,0.5,0.5,100,100,fswm,374.2923059903778,343.31690905438796,369.92274301298573,35.34495991338201,6.586617221404677,1.1056404869024428,0.28396231280013606,-0.10551210621123844,0.4089639838220357,-0.583384983135422,-0.404802710728726,0.402754506304931,0.5775686405007029,0.36178125234961156,adaptive coarse,False
1761332632251481515,0.5,0.5,100,100,fswm,451.04779861823033,397.1823538363092,437.41799320656867,67.49525019358293,19.3684537508028,1.1824576927707675,0.28299747988793716,-0.10508523425329964,0.40896243288480894,-0.5834288313521895,-0.4047289905962739,0.40270085009248646,0.577613424578003,0.3382784876325757,adaptive coarse,False
1761332632351547639,0.5,0.5,100,100,fswm,609.061071352427,503.1217125943681,576.2092116585272,138.79121845195857,45.33221100458922,1.317296546112622,0.28210244524313355,-0.10477278578376842,0.4090141471890254,-0.5833945167542538,-0.40469046455181645,0.4027262543657804,0.5776573636390472,0.30365220434260676,adaptive coarse,False
1761332632451384811,0.5,0.5,100,100,fswm,759.2818660239224,631.2017893091452,731.7855771986133,155.57636554008604,31.058679046358346,1.2699997889521482,0.28127591752454184,-0.1046063200521248,0.409062192208121,-0.5833171539697365,-0.4047826842399569,0.4028443593532902,0.5775885201087182,0.3149606822612405,adaptive coarse,False
1761332632551249033,0.5,0.5,100,100,fswm,981.5604128061411,806.3811010576431,944.2626508766261,212.47707367801286,43.97969359214258,1.2903542790381406,0.2804569961142917,-0.10442395553374142,0.4090252295235264,-0.5833026466329009,-0.4048393970369396,0.4028792185338327,0.5775391071705781,0.3099923846481674,adaptive coarse,False
1761332632651476420,0.5,0.5,100,100,fswm,1165.1688308570506,985.7749659573469,1144.4126733166904,200.15002244006428,15.826321177097,1.2119643536194626,0.2796874324424796,-0.10411347719328931,0.4089859472803493,-0.5833494548430045,-0.40484892308803483,0.40282587958203786,0.5775223577904023,0.33004271025416115,adaptive coarse,False
1761332632751448903,0.5,0.5,100,100,fswm,1451.3391828712827,1218.5570744143147,1414.2669823224703,269.8543090057799,42.76530387140631,1.2358015734164312,0.2788356587471952,-0.1036984474978557,0.4089739103811444,-0.583415452832921,-0.40475756745297775,0.4027273098074882,0.5775884650168573,0.32367655827964464,adaptive coarse,False
1761332632851912183,0.5,0.5,100,100,fswm,2258.0455158551376,1738.3012951347262,2096.0283594490097,681.7613771265394,227.3361859960829,1.4820598837759542,0.2780408700501828,-0.10336826686455644,0.40894616023550256,-0.5834488219859291,-0.40475111870384267,0.4026719847869515,0.5775978503240439,0.26989462732159664,adaptive coarse,False
1761332632951405640,0.5,0.5,100,100,fswm,2936.348378248191,2337.3248366914586,2815.7001396269666,719.6717801779569,132.6232945237502,1.343350211333562,0.2772279925168227,-0.10317463528829783,0.4089127148322679,-0.5834256880617805,-0.4048311135955428,0.402724909417569,0.5775282532562728,0.29776300820536933,adaptive coarse,False
1761332633051760918,0.5,0.5,100,100,fswm,6460.456974400018,4398.890905545739,5668.861591440633,2853.161451813666,1133.0564830797298,2.013304439510261,0.2765066367971447,-0.10304069544198392,0.4089043370985671,-0.583368288221827,-0.4049003436035519,0.40279149768174094,0.5774912652518315,0.19867834796872577,adaptive coarse,False
1761332633151713651,0.5,0.5,100,100,fswm,10097.906300446726,7248.3986029962325,9308.137794668926,3639.2762032282935,959.5856172471786,1.6419765493522027,0.27576264396215155,-0.10278716158619292,0.4088733054849839,-0.5833952976090875,-0.4049192802958452,0.4027643499694554,0.5774696369212681,0.24360883848055515,adaptive coarse,False
1761332633251422831,0.5,0.5,100,100,fswm,21302.68513064939,14275.541866822812,18818.98309457245,9510.845299903523,3415.5773569612043,2.021777449980456,0.2750781181454743,-0.1024646400095971,0.40881847045487163,-0.583466379509806,-0.40487387397853825,0.4026694879104305,0.5774958126751064,0.19784571244667246,adaptive coarse,False
1761332633351453576,0.5,0.5,100,100,fswm,20558.984550096215,17417.263208459513,21259.844493152683,2440.861398580233,-1827.2032721810433,1.1297020878500177,0.27456475222152626,-0.10229939830688714,0.40877418267466037,-0.5834632349820282,-0.4049285126607782,0.4026913167503143,0.5774454575737299,0.11297020878500177,adaptive fine,False
1761332633450797441,0.5,0.5,100,100,fswm,9874.261736874489,13645.762472667,13681.302747117328,-7578.541746035355,-5923.303208398316,0.6435278842949095,0.2740321875812427,-0.10218184972815665,0.4087491370416264,-0.5834228331215429,-0.4050120824672122,0.40272957899510686,0.5774009846289047,0.0,adaptive fine,True
1761332633551569894,0.5,0.5,100,100,fswm,11100.916369970862,12373.339421318931,11754.89803287006,-1926.4047142472682,-135.58308830511487,0.8591943508703391,0.27368454038405865,-0.10211688983502282,0.40884457484691594,-0.5833665339654518,-0.4049676627115635,0.40281786582953977,0.5774274380176296,-0.25,adaptive return to max,True
1761332633651422226,0.5,0.5,100,100,fswm,4841.441772355075,8607.390596837004,6415.195490371603,-5339.702542498457,-1774.4404582781517,0.5457465877145748,0.27365595184538455,-0.10208489169360233,0.4088694635850951,-0.5833543066460288,-0.40496549709861207,0.4028298526047375,0.5774329475598449,-0.25,adaptive return to max,True
1761332633751413750,0.5,0.5,100,100,fswm,3024.7641267030635,5816.077361770033,3324.3231910038485,-3090.8722993677547,237.19489242627515,0.5181951502480692,0.2738848031823493,-0.10211379625663683,0.40885749778813796,-0.5833546857412029,-0.4049571317943375,0.4028230495917049,0.5774431770748747,-0.25,adaptive return to max,True
1761332633851636047,0.5,0.5,100,100,fswm,6098.151438201633,5957.114399985833,4781.75583371064,1457.4326427067917,2392.749917250411,1.4384148468629159,0.27453657365215345,-0.10217982368511627,0.40889095913327467,-0.5833749611589449,-0.4049222157967589,0.4028055373426762,0.5774593950513928,-0.25,adaptive return to max,True
1761332633951635571,0.5,0.5,100,100,fswm,5878.280039517996,5917.697219751914,5310.309346497359,528.5535127867188,731.9353936651689,1.1105354458001595,0.27512036012327934,-0.10225004561649473,0.4089035710036327,-0.5834316064513665,-0.40482841757873295,0.4027258208988943,0.5775235286077861,0.0,adaptive return to max,True
1761332634050879425,0.5,0.5,100,100,fswm,2382.5256409188746,4150.111430335394,2962.624598999857,-2347.684747497502,-1072.1514333095258,0.5579005676861335,0.2757076231170249,-0.1024458355663856,0.408903563776297,-0.5834176595061353,-0.4048278937099852,0.4027492611549429,0.5775216391529133,0.0,adaptive return to max,True
1761332634150937159,0.5,0.5,100,100,fswm,3425.4947972528917,3787.803113794143,3012.9055398557484,50.28094085589146,662.9071275219337,1.016971755676661,0.27611563832516317,-0.10256396145559386,0.40890447025867926,-0.5834239139277534,-0.40482732357625645,0.4027365982883559,0.5775245511165996,0.0,adaptive return to max,True
1761332634250898032,0.5,0.5,100,100,fswm,18307.429386125936,11047.61624996004,14290.074031073791,11277.168491218043,5944.897338942043,4.7429545473762085,0.2760358721099818,-0.10256853997708544,0.40894304514849233,-0.5834035920658157,-0.4048230763404209,0.40277902052987063,0.5775184726465284,0.0,adaptive return to max,True
1761332634351162309,0.5,0.5,100,100,fswm,25997.644645939858,18522.63044794995,23881.36643750178,9591.292406427989,2129.5106270759943,1.6711856345580651,0.27601454213648086,-0.10255389433350924,0.40896739648899805,-0.5833815009075586,-0.40478475300175276,0.4027953739932808,0.577556243863546,0.0,adaptive return to max,False
1761332634451135203,0.5,0.5,100,100,fswm,26960.34889789417,22741.48967292206,27530.28728018403,3648.9208426822515,-1906.4304683348714,1.1527936373419663,0.27602850938856605,-0.10253415898867095,0.4089258686419295,-0.583419168258382,-0.40481395541103304,0.40272353632325986,0.5775478239111111,0.0,adaptive return to max,False
1761332634550978765,0.5,0.5,100,100,fswm,33485.511568917056,28113.500620919556,33193.90489854929,5663.617618365261,54.13315367406881,1.2057231572168106,0.2760460627067353,-0.10257903641577959,0.4089565568025507,-0.5834041162281328,-0.40481952667013493,0.4027573179010943,0.5775355667591012,0.0,adaptive return to max,False
1761332634651000749,0.5,0.5,100,100,fswm,37590.69917963913,32852.09990027934,37761.601678774095,4567.696780224804,-520.893842233194,1.1376064911370047,0.2760412663716939,-0.10256342037597543,0.408919730055032,-0.5834318254763459,-0.4048416819545301,0.40273486430456346,0.5775077026734367,0.0,adaptive return to max,False
1761332634750832130,0.5,0.5,100,100,fswm,37616.245823704645,35234.17286199199,38879.96023209569,1118.3585533215955,-1985.116034568201,1.0296162901890422,0.2760372757552196,-0.10255489714064564,0.40891929363050117,-0.583425434146885,-0.4048451211755288,0.4027346107366248,0.577511925388307,0.0,adaptive return to max,False
1761332634850892525,0.5,0.5,100,100,fswm,38240.762336668085,36737.46759933003,39312.00865305091,432.048420955216,-1335.7130834672903,1.0111123678721914,0.2760411868411755,-0.102569044933072,0.4089306269969025,-0.5834140750832962,-0.40482439801300485,0.4027421764449344,0.5775326510947304,0.0,adaptive return to max,False
1761332634950943799,0.5,0.5,100,100,fswm,42624.782781763264,39681.12519054665,42440.22451301539,3128.2158599644827,680.2271777709882,1.079574052996697,0.2760391124407953,-0.10256543058189961,0.4089402296653111,-0.5833987157805609,-0.4048443642508197,0.40275586013771136,0.5775246282927456,0.0,adaptive return to max,False
1761332635050967453,0.5,0.5,100,100,fswm,43486.16522810465,41583.64520932565,43914.454879949524,1474.2303669341345,-486.8791576296801,1.0347366297857832,0.2760448775445568,-0.10256425850780838,0.40891967716123523,-0.5834499338732255,-0.4048237048785326,0.4027122758323167,0.5775177620867638,0.0,adaptive return to max,False
1761332635151036798,0.5,0.5,100,100,fswm,43301.05334092717,42442.34927512641,44037.10614333873,122.65126338920527,-919.2291305873047,1.0027929588042137,0.276044267184502,-0.10256494767475366,0.408932209608331,-0.5834307976282513,-0.40483433658692275,0.4027252316611285,0.5775206074960261,0.0,adaptive return to max,False
1761332635251051221,0.5,0.5,100,100,fswm,43805.635290165206,43123.992282645806,44262.19222051166,225.08607717292762,-408.39715840179116,1.0051112822091506,0.27603563936501546,-0.10255456802517784,0.4089550854081333,-0.583413566339004,-0.40481560259059135,0.40274358073037647,0.5775383508402673,0.0,adaptive return to max,False
1761332635350957204,0.5,0.5,100,100,fswm,43976.96598057626,43550.479131611035,44332.822525026575,70.63030451491795,-281.4264655299004,1.0015957254029138,0.276050794983122,-0.10255631858259581,0.4089041812272485,-0.5834348801305508,-0.40485297963594585,0.40271381220646757,0.577511377364187,0.0,adaptive return to max,False
1761332635450923817,0.5,0.5,100,100,fswm,44048.62643307806,43799.552782344545,44315.261304419066,-17.561220607509313,-184.80899532616382,0.9996038776778177,0.2760315549131197,-0.10255272605606873,0.40892871672080155,-0.5834329302599653,-0.40483005211977563,0.40271953559845935,0.5775254283893755,0.0,adaptive return to max,False
1761332635551051393,0.5,0.5,100,100,fswm,43610.92229767371,43705.237540009126,43915.93417987868,-399.32712454038847,-283.28744962952146,0.9909889479879798,0.27604118705123376,-0.10254970574967566,0.4089246303724521,-0.5834163721346165,-0.4048544766443584,0.40272733443414477,0.5775195958284656,0.0,adaptive return to max,True
1761332635650931555,0.5,0.5,100,100,fswm,43904.8278407527,43805.03269038092,43960.27858550159,44.344405622912745,80.19204026688988,1.001009756628227,0.276044883280991,-0.10257799845029261,0.4089325075963064,-0.5834116982260952,-0.40485101301212556,0.40274205033176774,0.5775164833410067,0.0,adaptive return to max,True
1761332635750940729,0.5,0.5,100,100,fswm,44053.69798993567,43929.36534015829,44069.154612607315,108.87602710572537,72.36183087485125,1.0024766910176415,0.2760409793532788,-0.10256464089539157,0.4089491046602466,-0.5834077324798023,-0.4048349945554747,0.40274793923044844,0.5775276117309639,0.0,adaptive return to max,False
1761332635850949123,0.5,0.5,100,100,fswm,45094.525381593645,44511.945360875965,44873.13000745932,803.975394852001,383.7305993105635,1.0182434948416732,0.27603607504232414,-0.10254285462768173,0.4089332181304287,-0.583426612714606,-0.4048314585266665,0.4027052663917972,0.5775407744773046,0.0,adaptive return to max,False
1761332635950918266,0.5,0.5,100,100,fswm,44146.352390371416,44329.148875623694,44418.342956289234,-454.7870511700821,-437.51592335575987,0.9898650472767448,0.2760493444857377,-0.10256651722188387,0.408929036588654,-0.5834176394272806,-0.40486218750408204,0.40273295664308234,0.5775089893395859,0.0,adaptive return to max,True
1761332636050991080,0.5,0.5,100,100,fswm,44400.39791298085,44364.773394302276,44427.18269397433,8.839737685098953,13.055432749710633,1.0001990109737726,0.2760423433515562,-0.10255731148171317,0.4089457081308002,-0.5834179379050984,-0.40484286062667707,0.4027403935742188,0.5775170502364887,0.0,adaptive return to max,True
1761332636151170906,0.5,0.5,100,100,fswm,43714.69110589711,44039.732250099696,43908.416327834435,-518.7663661398983,-257.27533553764334,0.9883232216250737,0.2760514118329389,-0.10254794946412442,0.40895708811930764,-0.5834044696557849,-0.4048418321373958,0.4027314386963403,0.5775376213051967,0.0,adaptive return to max,True
1761332636251076929,0.5,0.5,100,100,fswm,43706.23203229794,43872.98214119882,43723.949125615756,-184.46720221867872,38.511914191788094,0.9957988190500566,0.2760656527035893,-0.10257474111142562,0.40892039038686223,-0.5834408010996627,-0.40487068897162054,0.40271795120833126,0.5774900939396217,0.0,adaptive return to max,True
1761332636350925691,0.5,0.5,100,100,fswm,43260.6099077451,43566.79602447196,43339.186458316995,-384.7626672987608,-80.89177544414699,0.9912001849102567,0.27606095053914553,-0.10256014843898284,0.4089282673184551,-0.5834572860103404,-0.40485271245912535,0.40269633734427546,0.5775011138564518,0.0,adaptive return to max,True
1761332636450783723,0.5,0.5,100,100,fswm,43261.508341582245,43414.1521830271,43224.02547922719,-115.16097908980737,94.35495638240323,0.9973427978579947,0.2760552162542155,-0.10256433322869954,0.40892618234743394,-0.5834459936581584,-0.4048547712019845,0.4026928177051921,0.5775135334240107,0.0,adaptive return to max,True
1761332636550756636,0.5,0.5,100,100,fswm,43765.1761782042,43589.664180615655,43582.356827509975,358.3313482827871,283.9236418774989,1.008290096637459,0.27605171036791243,-0.10257588928750642,0.4089238277116347,-0.5834352399783026,-0.4048510340923527,0.4027222915765044,0.5775064647371336,0.0,adaptive return to max,True
1761332636650981213,0.5,0.5,100,100,fswm,44593.89428749517,44091.779234055415,44339.18308422246,756.8262567124839,341.20927515359784,1.0173654274757982,0.27605424599544015,-0.10254293269548556,0.40895969476489424,-0.583415129842603,-0.40483280828346535,0.4027273775738785,0.5775360100985288,0.0,adaptive return to max,True
1761332636750959866,0.5,0.5,100,100,fswm,43267.10895845735,43679.44409625638,43596.97845244039,-742.2046317820714,-578.9108066704787,0.9832607508719263,0.2760567266470434,-0.10257052141562216,0.4089037553732967,-0.5834506451978554,-0.4048577837198306,0.4026974042391443,0.5775035239708313,0.0,adaptive return to max,True
1761332636850955450,0.5,0.5,100,100,fswm,42039.29886164871,42859.37147895255,42408.10234839263,-1188.8761040477548,-512.791139468081,0.9727303096166472,0.27605580130234836,-0.10256337443184106,0.4089192737620164,-0.5834428994561275,-0.40484620673498545,0.40270727909909504,0.5775125793669987,0.0,adaptive return to max,True
1761332636950994654,0.5,0.5,100,100,fswm,42319.85421765954,42589.612848306046,42229.09896770284,-179.0033806897918,248.5407919449409,0.9957790287521182,0.2760435139993208,-0.1025572901134075,0.40890287882140863,-0.5834354661662353,-0.40486498293979606,0.40271397755785365,0.5775022551367905,0.0,adaptive return to max,True
1761332637050858526,0.5,0.5,100,100,fswm,43056.60704449276,42823.1099463994,42759.60155514448,530.5025874416388,479.02338003818573,1.0125624889095401,0.27605761461261463,-0.10255686988238953,0.4089161777823681,-0.5834381695012844,-0.4048757633575195,0.40271056440481134,0.5774943462332897,0.0,adaptive return to max,True
1761332637151152824,0.5,0.5,100,100,fswm,43706.5893343731,43264.84964038625,43453.96529175222,694.3637366077382,321.4422646021426,1.016238779393495,0.27604630332750896,-0.10254362140962509,0.40893905957110777,-0.5834399064366376,-0.4048249195404081,0.4026953164420606,0.5775388664080874,0.0,adaptive return to max,True
1761332637251026996,0.5,0.5,100,100,fswm,43500.60394586302,43382.72679312463,43536.223195176804,82.2579034245864,-145.33178429050463,1.0018929895781041,0.2760474871174849,-0.10255297376373207,0.40892953616050975,-0.5834411760151157,-0.4048464629797739,0.402714771601649,0.5775089161880509,0.0,adaptive return to max,True
1761332637350913538,0.5,0.5,100,100,fswm,42978.6400556818,43180.683424403214,43156.40994106859,-379.8132541082159,-303.7014709116535,0.9912759255113729,0.27605355860971104,-0.10255573364257461,0.4088983171492496,-0.5834611780228327,-0.40485879186062906,0.4026793860277612,0.5775047397741991,0.0,adaptive return to max,True
1761332637450937402,0.5,0.5,100,100,fswm,43110.631286287404,43145.657355345305,43116.00757914904,-40.40236191955046,17.854710638505992,0.9990638155033118,0.2760482259184594,-0.10256012992110053,0.4089100971826424,-0.5834340220810276,-0.4048757262141777,0.40272726813699494,0.5774869138775444,0.0,adaptive return to max,True
1761332637550989796,0.5,0.5,100,100,fswm,43110.631286287404,43128.144320816355,43104.562915453746,-11.444663695292547,23.40620443138195,0.9997345611447377,0.2760482259184594,-0.10256012992110053,0.4089100971826424,-0.5834340220810276,-0.4048757262141777,0.40272726813699494,0.5774869138775444,0.0,adaptive return to max,True
1761332637650893529,0.5,0.5,100,100,fswm,43251.89758524044,43190.0209530284,43209.16856645311,104.60565099936503,69.72825956301976,1.002426788347316,0.27605398933295877,-0.10255504596895072,0.4089367885451318,-0.5834245916912661,-0.4048677224737237,0.4027199224322778,0.5775071750073407,0.0,adaptive return to max,True
1761332637750969434,0.5,0.5,100,100,fswm,43533.39211176717,43361.70653239779,43457.12312879484,247.9545623417289,106.53858545269182,1.0057384710367752,0.27607138800932113,-0.10255271969556831,0.40891506401122735,-0.5834286759480011,-0.4048819441508811,0.4027092264448457,0.5775005370719227,0.0,adaptive return to max,True
1761332637851040238,0.5,0.5,100,100,fswm,44134.70311320951,43748.204822803644,43989.162266205094,532.0391374102546,195.31158026060876,1.0122428522438873,0.27604837607430455,-0.10256062005706905,0.4089433845955417,-0.5834198909244775,-0.4048668488474288,0.4027402336438174,0.5774983721038072,0.0,adaptive return to max,True
1761332637950988091,0.5,0.5,100,100,fswm,43811.47230152984,43779.83856216674,43916.134153549014,-73.02811265608034,-204.87783490286307,0.998339861254594,0.27605987069902893,-0.10254805735927779,0.4089119081465956,-0.5834394400489566,-0.4048626781042406,0.40270973873103344,0.5775028121185255,0.0,adaptive return to max,True
1761332638050957105,0.5,0.5,100,100,fswm,44072.776347532876,43926.30745484981,44067.68969688249,151.5555433334739,9.852910543345587,1.0034510219593458,0.2760608591901566,-0.10255027462903704,0.4089155766248368,-0.5834374547970338,-0.4048692833943347,0.40269950190476045,0.5775073253815703,0.0,adaptive return to max,True
1761332638150934698,0.5,0.5,100,100,fswm,43193.27214374014,43559.78979929497,43447.22209253389,-620.4676043485961,-381.0851185693622,0.985920124049696,0.27604701106202173,-0.10255006029650174,0.40891867695006834,-0.5834535558327508,-0.40483976189432774,0.4026998430507802,0.5775115165798345,0.0,adaptive return to max,True
1761332638251014283,0.5,0.5,100,100,fswm,44479.45149594353,44019.62064761925,44193.252218400856,746.0301258669642,492.7063058230991,1.0171709510973583,0.2760519625188741,-0.10255993863721215,0.40892901472312126,-0.5834262936878215,-0.4048631866959107,0.40271947912115225,0.5775089445441618,0.0,adaptive return to max,True
1761332638351053157,0.5,0.5,100,100,fswm,44876.65592035317,44448.13828398621,44749.2128875605,555.9606691596418,151.31842455788836,1.012580216237812,0.27607400092199974,-0.10256048646095556,0.40895719861548396,-0.5834220698648804,-0.40485547178801706,0.40271508842689197,0.5775216817671882,0.0,adaptive return to max,True
1761332638451146692,0.5,0.5,100,100,fswm,43282.831359562835,43865.484821774524,43724.69539245582,-1024.5174951046793,-714.5798698532165,0.977105351602967,0.27605173563255275,-0.10255747274852746,0.4089323782884644,-0.5834342291440409,-0.40484166930139126,0.4027200286881663,0.5775156288393972,0.0,adaptive return to max,True
1761332638550934193,0.5,0.5,100,100,fswm,43652.18798934873,43758.836405561626,43635.117482795824,-89.57790965999448,110.17985779573416,0.9979513199839135,0.27605235883513385,-0.10255448626506615,0.4089193116807961,-0.5834340638542169,-0.4048548464603065,0.4027175873104976,0.5775082608092866,0.0,adaptive return to max,True
1761332638651292101,0.5,0.5,100,100,fswm,44253.171973381024,44006.00418947132,44067.72862004327,432.6111372474479,316.1844523515883,1.0099142883577206,0.27604802795671124,-0.10255742348754601,0.40892218997470564,-0.5834293817569418,-0.4048619933055453,0.40272129872980533,0.5775053925538289,0.0,adaptive return to max,True
1761332638751061352,0.5,0.5,100,100,fswm,44172.97709924166,44089.49064435649,44162.096087085054,94.36746704178222,-11.029608927038737,1.00214141890215,0.2760623900805007,-0.10255674432480669,0.4089118703323068,-0.5834590845082215,-0.4048692934686383,0.40268707821607547,0.5774941289301858,0.0,adaptive return to max,True
1761332638850899674,0.5,0.5,100,100,fswm,44947.14372386269,44518.31718410959,44769.03317535042,606.9370882653675,250.77000614827324,1.0137433940424505,0.2760494084794246,-0.10257105011824433,0.4089245133124372,-0.5834172452578851,-0.40486851133237617,0.40272698149563463,0.5775091210038342,0.0,adaptive return to max,True
1761332638950854777,0.5,0.5,100,100,fswm,43841.3587292731,44179.83795669135,44135.95633860264,-633.0768367477795,-494.6219594324369,0.9858590460448821,0.27605172086915886,-0.10256582214833984,0.4089422971587252,-0.583423815723399,-0.4048386497017299,0.40274472008408696,0.5775110469928864,0.0,adaptive return to max,True
